lineage1	615938	G/A
lineage1.1	4404247	G/A
lineage1.1.1	3021283	G/A
lineage1.1.1.1	3216553	G/A
lineage1.1.2	2622402	G/A
lineage1.1.3	1491275	G/A
lineage1.2.1	3479545	C/A
lineage1.2.2	3470377	C/T
lineage2	497491	G/A
lineage2.1	1881090	C/T
lineage2.2	2505085	G/A
lineage2.2.1	797736	C/T
lineage2.2.1.1	4248115	C/T
lineage2.2.1.2	3836274	G/A
lineage2.2.2	346693	G/T
lineage3	3273107	C/A
lineage3.1.1	1084911	G/A
lineage3.1.2	3722702	G/C
lineage3.1.2.1	1237818	C/G
lineage3.1.2.2	2874344	G/A
lineage4	931123	C/T
lineage4.1	62657	G/A
lineage4.1.1	514245	C/T
lineage4.1.1.1	1850119	C/T
lineage4.1.1.2	541048	T/G
lineage4.1.1.3	4229087	C/T
lineage4.1.2	891756	A/G
lineage4.1.2.1	107794	C/T
lineage4.2	2411730	G/C
lineage4.2.1	783601	A/C
lineage4.2.2	1487796	C/A
lineage4.2.2.1	1455780	T/C
lineage4.3	764995	C/G
lineage4.3.1	615614	C/A
lineage4.3.2	4316114	G/A
lineage4.3.2.1	3388166	C/G
lineage4.3.3	403364	G/A
lineage4.3.4	3977226	G/A
lineage4.3.4.1	4398141	G/A
lineage4.3.4.2	1132368	C/T
lineage4.3.4.2.1	1502120	C/A
lineage4.4	4307886	G/A
lineage4.4.1	4151558	G/A
lineage4.4.1.1	355181	G/A
lineage4.4.1.2	2694560	G/C
lineage4.4.2	4246508	G/A
lineage4.5	1719757	G/T
lineage4.6	3466426	G/A
lineage4.6.1	4260268	G/C
lineage4.6.1.1	874787	G/A
lineage4.6.1.2	1501468	G/C
lineage4.6.2	4125058	G/C
lineage4.6.2.1	3570528	C/G
lineage4.6.2.2	2875883	C/T
lineage4.7	4249732	C/G
lineage4.8	3836739	G/A
lineage4.9	1759252	T/G
lineage5	1799921	C/A
lineage6	1816587	C/G
lineage7	1137518	G/A
lineageBOV	2831482	A/G
lineageBOV_AFRI	1882180	C/T
